<p class="text-sm text-neutral-bodyText  py-4 undefined">iKLV0Y2XOK</p>,<p class="text-sm text-neutral-bodyText  py-4 undefined">John's</p>,<p class="text-sm text-neutral-bodyText  py-4 undefined">0</p>,<p class="text-sm text-neutral-bodyText  py-4 text-error-critical">0</p>,<p class="text-sm text-neutral-bodyText  py-4 text-error-critical"> 14-08-2023 - 15:8</p>
<p class="text-sm text-neutral-bodyText  py-4 undefined">JPodtcd6D4</p>,<p class="text-sm text-neutral-bodyText  py-4 undefined">Teting_book</p>,<p class="text-sm text-neutral-bodyText  py-4 undefined">0</p>,<p class="text-sm text-neutral-bodyText  py-4 text-error-critical">0</p>,<p class="text-sm text-neutral-bodyText  py-4 text-error-critical"> 21-08-2023 - 10:54</p>
<p class="text-sm text-neutral-bodyText  py-4 undefined">gMHj3KBr5H</p>,<p class="text-sm text-neutral-bodyText  py-4 undefined">testing-book</p>,<p class="text-sm text-neutral-bodyText  py-4 undefined">0</p>,<p class="text-sm text-neutral-bodyText  py-4 text-error-critical">0</p>,<p class="text-sm text-neutral-bodyText  py-4 text-error-critical"> 21-08-2023 - 10:56</p>
<p class="text-sm text-neutral-bodyText  py-4 undefined">HKbjBReYoQ</p>,<p class="text-sm text-neutral-bodyText  py-4 undefined">Teting_book</p>,<p class="text-sm text-neutral-bodyText  py-4 undefined">0</p>,<p class="text-sm text-neutral-bodyText  py-4 text-error-critical">0</p>,<p class="text-sm text-neutral-bodyText  py-4 text-error-critical"> 21-08-2023 - 10:56</p>
<p class="text-sm text-neutral-bodyText  py-4 undefined">IpS4YiQpOz</p>,<p class="text-sm text-neutral-bodyText  py-4 undefined">testing math</p>,<p class="text-sm text-neutral-bodyText  py-4 undefined">0</p>,<p class="text-sm text-neutral-bodyText  py-4 text-error-critical">0</p>,<p class="text-sm text-neutral-bodyText  py-4 text-error-critical"> 21-08-2023 - 14:13</p>
<p class="text-sm text-neutral-bodyText  py-4 undefined">8qiaKVcRVU</p>,<p class="text-sm text-neutral-bodyText  py-4 undefined">new book</p>,<p class="text-sm text-neutral-bodyText  py-4 undefined">0</p>,<p class="text-sm text-neutral-bodyText  py-4 text-error-critical">0</p>,<p class="text-sm text-neutral-bodyText  py-4 text-error-critical"> 21-08-2023 - 16:35</p>
<p class="text-sm text-neutral-bodyText  py-4 undefined">FASdzgSwej</p>,<p class="text-sm text-neutral-bodyText  py-4 undefined">new book</p>,<p class="text-sm text-neutral-bodyText  py-4 undefined">0</p>,<p class="text-sm text-neutral-bodyText  py-4 text-error-critical">0</p>,<p class="text-sm text-neutral-bodyText  py-4 text-error-critical"> 22-08-2023 - 15:44</p>
<p class="text-sm text-neutral-bodyText  py-4 undefined">AH6Y7OL7rW</p>,<p class="text-sm text-neutral-bodyText  py-4 undefined">New-book</p>,<p class="text-sm text-neutral-bodyText  py-4 undefined">0</p>,<p class="text-sm text-neutral-bodyText  py-4 text-error-critical">0</p>,<p class="text-sm text-neutral-bodyText  py-4 text-error-critical"> 26-08-2023 - 11:54</p>
<p class="text-sm text-neutral-bodyText  py-4 undefined">4tpxm3vfYi</p>,<p class="text-sm text-neutral-bodyText  py-4 undefined">Git Cheatsheet</p>,<p class="text-sm text-neutral-bodyText  py-4 undefined">0</p>,<p class="text-sm text-neutral-bodyText  py-4 text-error-critical">0</p>,<p class="text-sm text-neutral-bodyText  py-4 text-error-critical"> 29-08-2023 - 12:56</p>
<p class="text-sm text-neutral-bodyText  py-4 undefined">impEX4rPpi</p>,<p class="text-sm text-neutral-bodyText  py-4 undefined">A test PDF</p>,<p class="text-sm text-neutral-bodyText  py-4 undefined">0</p>,<p class="text-sm text-neutral-bodyText  py-4 text-error-critical">0</p>,<p class="text-sm text-neutral-bodyText  py-4 text-error-critical"> 30-08-2023 - 14:59</p>
